,0
0,https://amazon.ca/gp/your-account/order-details/ref=ppx_yo_dt_b_order_details_o00?ie=UTF8&orderID=701-8892299-1469041
1,https://amazon.ca/gp/your-account/order-details/ref=ppx_yo_dt_b_order_details_o01?ie=UTF8&orderID=701-5721624-9305845
2,https://amazon.ca/gp/your-account/order-details/ref=ppx_yo_dt_b_order_details_o02?ie=UTF8&orderID=701-0769026-4317861
3,https://amazon.ca/gp/your-account/order-details/ref=ppx_yo_dt_b_order_details_o03?ie=UTF8&orderID=702-3541202-8686608
4,https://amazon.ca/gp/your-account/order-details/ref=ppx_yo_dt_b_order_details_o04?ie=UTF8&orderID=701-3118177-8917037
5,https://amazon.ca/gp/your-account/order-details/ref=ppx_yo_dt_b_order_details_o05?ie=UTF8&orderID=701-1979402-3475448
6,https://amazon.ca/gp/your-account/order-details/ref=ppx_yo_dt_b_order_details_o06?ie=UTF8&orderID=702-9928642-8841017
7,https://amazon.ca/gp/your-account/order-details/ref=ppx_yo_dt_b_order_details_o07?ie=UTF8&orderID=701-7352222-6793017
8,https://amazon.ca/gp/your-account/order-details/ref=ppx_yo_dt_b_order_details_o08?ie=UTF8&orderID=701-7500609-8445068
9,https://amazon.ca/gp/your-account/order-details/ref=ppx_yo_dt_b_order_details_o09?ie=UTF8&orderID=701-2720925-6805815
